client_id,transaction_amount
CL000,230.3762212
CL001,345.8741176
CL002,134.5961579
CL003,183.8857286
CL004,100.7276957
CL005,272.3718557
CL006,211.665
CL007,279.9437273
CL008,266.3844898
CL009,236.5437143
CL010,236.2152542
CL011,91.93358209
CL012,223.9246862
CL013,277.99
CL014,238.3019835
CL015,254.1390566
CL016,284.4397959
CL017,295.5773585
CL018,252.982619
CL019,293.2348872
CL020,215.3901794
CL021,316.4383333
CL022,345.5955
CL023,328.7077778
CL024,338.624
CL025,136.5953595
CL026,374.7908889
CL027,173.3738462
CL028,247.0377273
CL029,282.0521359
CL030,358.8393532
CL031,396.4974107
CL032,390.9826923
CL033,230.2040541
CL034,255.0342568
CL035,240.7630081
CL036,549.800678
CL037,88.96709677
CL038,91.83166667
CL039,340.4496685
CL040,281.0856164
CL041,339.3892771
CL042,154.5271111
CL043,479.4259124
CL044,403.9907801
CL045,173.0157258
CL046,263.0277011
CL047,380.0570769
CL048,176.1058434
CL049,124.2182278
CL050,273.291145
CL051,254.0655056
CL052,148.2118898
CL053,280.8052857
CL054,278.9536735
CL055,132.733871
CL056,381.1239286
CL057,371.1543119
CL058,214.4881538
CL059,339.8298253
CL060,255.38804
CL061,140.918843
CL062,238.2194904
CL063,174.2454054
CL064,186.1906111
CL065,387.5615714
CL066,292.508619
CL067,356.3008333
CL068,204.0808805
CL069,269.8179904
CL070,243.8544348
CL071,299.5029143
CL072,366.9398485
CL073,315.8617683
CL074,243.3584058
CL075,289.7350311
CL076,247.8451037
CL077,196.7172441
CL078,422.8594574
CL079,274.1649587
CL080,235.9338208
CL081,169.8087179
CL082,301.8552679
CL083,81.08609053
CL084,307.5605584
CL085,243.995307
CL086,438.7721801
CL087,421.4885714
CL088,337.7861828
CL089,240.5028
CL090,167.9955882
CL091,424.2596907
CL092,108.0551042
CL093,270.2949776
CL094,221.1670968
CL095,86.75908163
CL096,460.8961818
CL097,320.7302381
CL098,80.91113402
CL099,174.6590909
CL100,148.0735714
CL1000,277.5117751
CL1001,117.1705128
CL1002,78.94117021
CL1003,247.9220482
CL1004,214.0214729
CL1005,429.2377273
CL1006,262.5640426
CL1007,394.4884865
CL1008,199.3565031
CL1009,192.2802299
CL101,411.3772083
CL1010,337.2684722
CL1011,179.0878286
CL1012,204.8229487
CL1013,148.8499048
CL1014,356.2050698
CL1015,266.7183471
CL1016,225.5883
CL1017,286.9358871
CL1018,273.6257838
CL1019,219.9076768
CL102,214.5500588
CL1020,82.01054795
CL1021,289.9512963
CL1022,184.8129457
CL1023,161.1597222
CL1024,365.1742012
CL1025,353.4946053
CL1026,229.4769427
CL1027,186.6524096
CL1028,480.4390698
CL1029,290.2055882
CL103,266.1617749
CL1030,273.319703
CL1031,89.57290909
CL1032,163.1438509
CL1033,264.3603401
CL1034,274.256
CL1035,444.1471429
CL1036,404.090375
CL1037,299.9308081
CL1038,336.4483761
CL1039,364.9624855
CL104,223.3292647
CL1040,289.9440566
CL1041,199.6247826
CL1042,479.8849138
CL1043,304.7668
CL1044,224.0191509
CL1045,79.34
CL1046,459.9010092
CL1047,230.3075221
CL1048,236.7997642
CL1049,352.2614414
CL105,307.0502239
CL1050,185.8587854
CL1051,366.0227074
CL1052,147.8209135
CL1053,402.8276471
CL1054,235.2500524
CL1055,547.8441053
CL1056,198.5026786
CL1057,142.4246341
CL1058,407.654
CL1059,311.4307527
CL106,346.6423529
CL1060,370.8481481
CL1061,397.0635
CL1062,273.3166327
CL1063,502.6963291
CL1064,265.1838667
CL1065,226.3478235
CL1066,431.9275661
CL1067,230.9757692
CL1068,246.2680932
CL1069,271.4752273
CL107,344.3416942
CL1070,249.2539409
CL1071,397.0288073
CL1072,73.63318182
CL1073,286.4271707
CL1074,406.5477966
CL1075,362.6108081
CL1076,312.3905556
CL1077,143.7144
CL1078,326.6353846
CL1079,221.4758929
CL108,311.4633766
CL1080,214.2861864
CL1081,156.5553
CL1082,97.95488095
CL1083,417.2238211
CL1084,304.9334188
CL1085,190.553198
CL1086,232.975731
CL1087,396.2652542
CL1088,299.4709459
CL1089,247.9014493
CL109,126.1221333
CL1090,337.1579091
CL1091,293.5756735
CL1092,214.2683178
CL1093,287.9270531
CL1094,149.2485475
CL1095,352.4619802
CL1096,262.9989706
CL1097,380.238009
CL1098,376.849465
CL1099,386.3793846
CL110,113.099011
CL1100,384.524878
CL1101,394.25352
CL1102,80.2519797
CL1103,97.81689655
CL1104,216.1416456
CL1105,387.9508989
CL1106,215.7873154
CL1107,247.5894262
CL1108,333.4858333
CL1109,418.9355556
CL111,554.8594737
CL1110,289.1671429
CL1111,227.3769343
CL1112,273.8816026
CL1113,89.35594595
CL1114,445.3296714
CL1115,311.184375
CL1116,161.7152033
CL1117,321.8604023
CL1118,386.6652941
CL1119,269.3936842
CL112,237.404067
CL1120,237.8778689
CL1121,250.4054222
CL1122,143.8091509
CL1123,248.2564024
CL1124,178.3994495
CL1125,373.526699
CL1126,256.9318657
CL1127,183.3991915
CL1128,353.0269079
CL1129,154.2834146
CL113,254.8418812
CL1130,270.8881347
CL1131,321.7979006
CL1132,191.8137438
CL1133,158.3618056
CL1134,209.2298667
CL1135,408.6235821
CL1136,283.3104331
CL1137,221.3199174
CL1138,169.3186093
CL1139,161.692906
CL114,316.1929139
CL1140,182.8393182
CL1141,231.443937
CL1142,207.640113
CL1143,321.4215508
CL1144,583.3418935
CL1145,220.5006077
CL1146,239.0527041
CL1147,335.3969231
CL1148,265.3127948
CL1149,393.1407463
CL115,407.0457576
CL1150,466.4303933
CL1151,214.8536508
CL1152,191.4405941
CL1153,155.9830435
CL1154,347.362766
CL1155,251.8950746
CL1156,359.2341135
CL1157,370.0566372
CL1158,459.9220253
CL1159,189.0098347
CL116,398.4819841
CL1160,88.46225806
CL1161,389.9309914
CL1162,428.489434
CL1163,121.5692216
CL1164,427.8475882
CL1165,357.6160181
CL1166,371.4125121
CL1167,270.1111429
CL1168,380.6380392
CL1169,271.0177143
CL117,96.64292683
CL1170,497.2902206
CL1171,341.4813333
CL1172,202.2161165
CL1173,193.5305439
CL1174,296.7151429
CL1175,205.4247619
CL1176,440.0517857
CL1177,425.5088172
CL1178,221.8741667
CL1179,461.2948252
CL118,126.7504082
CL1180,197.3871296
CL1181,248.2086207
CL1182,375.1949519
CL1183,201.3065686
CL1184,313.8640179
CL1185,191.7135714
CL1186,130.3414724
CL1187,543.1385827
CL1188,203.6194388
CL1189,373.8799219
CL119,142.6365244
CL1190,367.3261905
CL1191,274.2610563
CL1192,247.9832645
CL1193,335.1157222
CL1194,190.1197354
CL1195,291.7158462
CL1196,288.9000709
CL1197,245.3182143
CL1198,303.1634483
CL1199,266.9755769
CL120,174.2657895
CL1200,128.1347328
CL1201,120.3124123
CL1202,224.7280702
CL1203,92.47147059
CL1204,319.9912658
CL1205,306.9651546
CL1206,570.7755056
CL1207,362.1512418
CL1208,393.7058824
CL1209,237.4182857
CL121,351.5769519
CL1210,307.9580275
CL1211,295.9803289
CL1212,91.0323176
CL1213,281.7100752
CL1214,128.9139535
CL1215,234.9198901
CL1216,320.6056771
CL1217,534.3814961
CL1218,294.5791803
CL1219,274.3212791
CL122,315.5693396
CL1220,375.6450877
CL1221,162.4578169
CL1222,238.463697
CL1223,217.8
CL1224,393.399337
CL1225,247.4446154
CL1226,177.8450794
CL1227,283.7595775
CL1228,352.1922613
CL1229,140.61975
CL123,238.9086275
CL1230,222.6323656
CL1231,357.5606504
CL1232,97.67055556
CL1233,271.8236842
CL1234,243.2880597
CL1235,212.589127
CL1236,229.7394211
CL1237,342.9054592
CL1238,252.9954545
CL1239,250.5302913
CL124,287.337907
CL1240,120.0352
CL1241,236.7351813
CL1242,410.1161603
CL1243,215.8713216
CL1244,469.625544
CL1245,409.817625
CL1246,407.7511579
CL1247,237.3778986
CL1248,249.4721164
CL1249,232.92224
CL125,206.0713665
CL1250,260.934359
CL1251,158.6848087
CL1252,234.5973743
CL1253,175.2080583
CL1254,258.6101688
CL1255,259.1893506
CL1256,364.4490217
CL1257,308.6141709
CL1258,285.375873
CL1259,191.4370748
CL126,401.384
CL1260,422.6341975
CL1261,230.7650602
CL1262,145.5798305
CL1263,209.377875
CL1264,343.8173529
CL1265,336.1949302
CL1266,473.0618898
CL1267,325.4388125
CL1268,209.1446789
CL1269,105.0327957
CL127,218.755618
CL1270,309.769313
CL1271,236.9952027
CL1272,354.2843478
CL1273,313.8618932
CL1274,255.7364885
CL1275,104.3960759
CL1276,368.4642353
CL1277,155.0397521
CL1278,136.5123313
CL1279,368.8228856
CL128,278.6316667
CL1280,271.6540171
CL1281,312.3586813
CL1282,360.1959854
CL1283,201.9008835
CL1284,274.2207287
CL1285,182.9069456
CL1286,287.925
CL1287,96.24145669
CL1288,129.8096296
CL1289,245.1853304
CL129,244.9891589
CL1290,300.0351261
CL1291,466.2539695
CL1292,374.8564557
CL1293,197.8110112
CL1294,168.3865833
CL1295,343.2350962
CL1296,270.8468421
CL1297,351.5200881
CL1298,158.3908235
CL1299,300.9454545
CL130,511.4522
CL1300,339.577716
CL1301,423.4053763
CL1302,233.6720093
CL1303,324.9964634
CL1304,183.1025118
CL1305,358.0754202
CL1306,232.0946835
CL1307,232.0442857
CL1308,491.4951429
CL1309,158.880625
CL131,318.1643684
CL1310,170.7118966
CL1311,208.2879661
CL1312,176.2919355
CL1313,234.7800676
CL1314,227.5145
CL1315,407.9600676
CL1316,182.838011
CL1317,264.0341509
CL1318,119.9986614
CL1319,286.4918868
CL132,419.8049099
CL1320,412.5459406
CL1321,249.2986885
CL1322,212.3948551
CL1323,70.12141304
CL1324,220.5792126
CL1325,472.6823125
CL1326,85.85908654
CL1327,186.8867769
CL1328,229.5728061
CL1329,300.0780272
CL133,212.5601399
CL1330,304.021931
CL1331,326.7255446
CL1332,537.7204955
CL1333,94.50094675
CL1334,112.4448815
CL1335,200.9630131
CL1336,340.5151948
CL1337,295.5400833
CL1338,188.7296
CL1339,297.3935124
CL134,387.1957447
CL1340,269.4732609
CL1341,229.7804598
CL1342,495.8596212
CL1343,289.6003141
CL1344,206.3611628
CL1345,294.4674545
CL1346,165.4528862
CL1347,365.7709677
CL1348,176.3221224
CL1349,361.8312727
CL135,450.011039
CL1350,366.8156552
CL1351,269.301028
CL1352,414.718871
CL1353,406.1770667
CL1354,161.5695506
CL1355,85.39732759
CL1356,337.3044615
CL1357,94.89781095
CL1358,261.2601887
CL1359,200.6151667
CL136,234.8426364
CL1360,276.6579245
CL1361,429.1127731
CL1362,391.2814754
CL1363,421.8487324
CL1364,612.101982
CL1365,320.4855422
CL1366,345.522625
CL1367,81.74904167
CL1368,290.7096774
CL1369,195.3105096
CL137,434.0538667
CL1370,357.7444681
CL1371,232.4601099
CL1372,244.4912903
CL1373,226.7379433
CL1374,283.476443
CL1375,410.2517347
CL1376,265.7348954
CL1377,433.96888
CL1378,397.5669014
CL1379,380.8011715
CL138,109.1266667
CL1380,411.5744019
CL1381,211.036375
CL1382,162.3443038
CL1383,85.91991803
CL1384,441.6963226
CL1385,78.25542373
CL1386,206.0442276
CL1387,165.53
CL1388,271.1750769
CL1389,222.1122105
CL139,303.8151163
CL1390,497.2942857
CL1391,210.9913953
CL1392,317.832878
CL1393,430.7188701
CL1394,157.2492771
CL1395,584.2767143
CL1396,265.9844886
CL1397,297.8108
CL1398,429.5665556
CL1399,118.5764583
CL140,359.3393413
CL1400,161.7307609
CL1401,303.6867273
CL1402,171.8894421
CL1403,180.1009091
CL1404,149.27825
CL1405,320.9555924
CL1406,250.0589024
CL1407,268.2599213
CL1408,336.5093684
CL1409,85.92482759
CL141,309.7955921
CL1410,369.1455385
CL1411,337.2945098
CL1412,184.1248889
CL1413,359.6517742
CL1414,152.0678125
CL1415,153.480129
CL1416,222.1942927
CL1417,277.9199119
CL1418,408.7418293
CL1419,346.8715179
CL142,388.8931013
CL1420,309.7083824
CL1421,247.5517826
CL1422,130.3369951
CL1423,145.3676364
CL1424,231.2176522
CL1425,289.5457143
CL1426,314.3214286
CL1427,170.1475
CL1428,226.7624286
CL1429,254.3163492
CL143,335.6513924
CL1430,248.3736
CL1431,273.9830851
CL1432,263.7203623
CL1433,210.182682
CL1434,415.3691228
CL1435,141.7631126
CL1436,158.7723596
CL1437,516.1057983
CL1438,159.2668844
CL1439,268.7797333
CL144,270.2644843
CL1440,385.9918935
CL1441,259.7903125
CL1442,152.3229245
CL1443,260.5590732
CL1444,150.5468548
CL1445,82.14121212
CL1446,89.49982249
CL1447,227.6338947
CL1448,304.6368852
CL1449,284.675
CL145,288.9272464
CL1450,482.0328141
CL1451,250.7139149
CL1452,147.7437725
CL1453,370.6561538
CL1454,458.6868075
CL1455,172.7001709
CL1456,247.3807463
CL1457,305.0136735
CL1458,334.7041129
CL1459,186.0625568
CL146,271.2259375
CL1460,270.5932447
CL1461,481.0668018
CL1462,338.0818534
CL1463,361.0226027
CL1464,423.5403571
CL1465,339.8787619
CL1466,283.1275833
CL1467,348.7313617
CL1468,369.9165753
CL1469,486.5714286
CL147,227.1991667
CL1470,330.43173
CL1471,204.3065789
CL1472,151.2588535
CL1473,314.3395595
CL1474,107.6966
CL1475,362.7836242
CL1476,397.9979508
CL1477,213.0080851
CL1478,443.2627536
CL1479,175.7727381
CL148,242.4932432
CL1480,361.1991379
CL1481,288.8764602
CL1482,297.2876543
CL1483,239.762
CL1484,187.5763492
CL1485,181.6148276
CL1486,398.6102308
CL1487,322.9810101
CL1488,255.1576142
CL1489,255.5538991
CL149,266.2740952
CL1490,105.5223232
CL1491,361.8986082
CL1492,345.7896537
CL1493,104.5045283
CL1494,281.2429437
CL1495,282.9869048
CL1496,175.2617031
CL1497,174.9183626
CL1498,401.9217822
CL1499,440.2509548
CL150,246.9047407
CL1500,95.8499505
CL1501,196.2518919
CL1502,259.9757143
CL1503,479.1400806
CL1504,238.8240343
CL1505,121.6681053
CL1506,265.2974797
CL1507,186.9300781
CL1508,209.7898462
CL1509,355.1415432
CL151,320.1383256
CL1510,73.00378378
CL1511,421.3675269
CL1512,207.6105405
CL1513,211.938731
CL1514,313.786
CL1515,186.8029101
CL1516,165.5218868
CL1517,80.42938144
CL1518,216.8483607
CL1519,392.5319481
CL152,311.1964
CL1520,153.0853017
CL1521,453.7284277
CL1522,414.0554054
CL1523,259.489685
CL1524,415.3831138
CL1525,271.9643299
CL1526,87.80041667
CL1527,395.2075
CL1528,253.3557416
CL1529,182.93
CL153,114.465875
CL1530,195.1226971
CL1531,264.1275429
CL1532,339.5406077
CL1533,275.6787681
CL1534,288.2854661
CL1535,423.3638115
CL1536,461.5122981
CL1537,370.4837255
CL1538,414.1651266
CL1539,429.6530357
CL154,96.34032258
CL1540,270.1412992
CL1541,214.7750617
CL1542,363.5883099
CL1543,333.4643721
CL1544,187.1938571
CL1545,101.4124359
CL1546,408.8077169
CL1547,313.1206349
CL1548,192.3460355
CL1549,385.4143636
CL155,105.9056886
CL1550,248.4198193
CL1551,515.1244255
CL1552,269.1819697
CL1553,134.3589862
CL1554,76.26669173
CL1555,203.5217241
CL1556,212.8773077
CL1557,417.9903239
CL1558,368.7028571
CL1559,79.06155102
CL156,196.2605372
CL1560,302.80328
CL1561,325.6681046
CL1562,245.9400917
CL1563,267.6179167
CL1564,482.3001026
CL1565,177.1259524
CL1566,434.5596567
CL1567,238.1882308
CL1568,173.1674576
CL1569,168.2266279
CL157,418.9682895
CL1570,342.552716
CL1571,246.5764069
CL1572,122.3151741
CL1573,503.7120588
CL1574,100.0089286
CL1575,83.47118812
CL1576,475.7425949
CL1577,157.3816143
CL1578,167.208806
CL1579,206.1489744
CL158,294.6817241
CL1580,192.7091532
CL1581,177.0615942
CL1582,244.2495161
CL1583,145.5225882
CL1584,417.6760241
CL1585,208.9517751
CL1586,406.611227
CL1587,280.3623171
CL1588,223.8433721
CL1589,379.1108861
CL159,220.8712941
CL1590,125.7562644
CL1591,97.02344037
CL1592,281.1276364
CL1593,435.6622772
CL1594,365.1498148
CL1595,189.4665385
CL1596,124.8481579
CL1597,345.5517978
CL1598,170.14713
CL1599,232.9084921
CL160,300.8660976
CL1600,234.8282883
CL1601,199.7995906
CL1602,326.1552066
CL1603,261.4491837
CL1604,518.3535065
CL1605,332.3848523
CL1606,154.16048
CL1607,288.1044286
CL1608,337.0040845
CL1609,257.8292357
CL161,391.5262821
CL1610,251.0879381
CL1611,321.8545089
CL1612,336.307644
CL1613,379.785523
CL1614,345.1964286
CL1615,126.3697345
CL1616,295.047963
CL1617,227.6743519
CL1618,309.3130233
CL1619,282.7821395
CL162,238.9976154
CL1620,346.5207955
CL1621,492.92
CL1622,242.8639912
CL1623,235.309593
CL1624,406.2774667
CL1625,326.2068421
CL1626,311.5382692
CL1627,254.4802326
CL1628,347.6844444
CL1629,382.8392857
CL163,420.9939565
CL1630,266.596453
CL1631,252.1911905
CL1632,429.8519231
CL1633,187.6114163
CL1634,355.435
CL1635,339.28108
CL1636,301.0831724
CL1637,259.4056915
CL1638,335.6650459
CL1639,296.0492174
CL164,206.8021393
CL1640,250.490917
CL1641,95.59608696
CL1642,101.011875
CL1643,311.1061972
CL1644,173.2590909
CL1645,302.180241
CL1646,74.15866667
CL1647,378.45841
CL1648,81.61198529
CL1649,375.1054688
CL165,317.3150442
CL1650,224.6721285
CL1651,105.4840462
CL1652,195.7694393
CL1653,156.3864677
CL1654,292.3224091
CL1655,154.998381
CL1656,373.7058333
CL1657,311.0046552
CL1658,480.7692079
CL1659,209.83496
CL166,189.6506061
CL1660,277.6571084
CL1661,214.1666272
CL1662,70.12201183
CL1663,143.6084762
CL1664,370.8541204
CL1665,331.9022086
CL1666,163.1642336
CL1667,227.4373251
CL1668,352.8170968
CL1669,200.4307071
CL167,514.2954255
CL1670,73.01451807
CL1671,533.3173469
CL1672,361.6372892
CL1673,373.8918687
CL1674,180.7609615
CL1675,472.2667532
CL1676,268.7589375
CL1677,188.008692
CL1678,134.3354808
CL1679,325.0661712
CL168,235.5258333
CL1680,210.551875
CL1681,179.4277778
CL1682,90.62739464
CL1683,258.1575269
CL1684,468.6392442
CL1685,134.0009444
CL1686,306.7059064
CL1687,274.0610549
CL1688,525.7645865
CL1689,214.2301818
CL169,118.0720536
CL1690,351.8944186
CL1691,235.2605521
CL1692,270.5113182
CL1693,257.5428889
CL1694,203.7812214
CL1695,278.0668932
CL1696,365.6118254
CL1697,250.4442857
CL1698,336.5328497
CL1699,216.6563333
CL170,248.7220703
CL1700,260.3333758
CL1701,87.81489083
CL1702,261.9659589
CL1703,219.7748062
CL1704,339.8490323
CL1705,233.9172368
CL1706,589.8699197
CL1707,126.4166474
CL1708,136.7381281
CL1709,211.7171311
CL171,276.0008219
CL1710,108.9195946
CL1711,135.6810309
CL1712,186.3273913
CL1713,194.3561364
CL1714,407.0797838
CL1715,335.0459903
CL1716,576.1446237
CL1717,395.75745
CL1718,299.8568817
CL1719,232.4966892
CL172,121.6368326
CL1720,213.0865789
CL1721,385.3193684
CL1722,325.9625652
CL1723,174.0138272
CL1724,324.5820732
CL1725,337.7175
CL1726,184.6255502
CL1727,421.3613869
CL1728,301.5171751
CL1729,217.4288889
CL173,72.78043165
CL1730,294.077438
CL1731,91.80682927
CL1732,251.7119758
CL1733,147.2639437
CL1734,219.8630769
CL1735,289.1407212
CL1736,222.2525
CL1737,244.2709677
CL1738,405.8345802
CL1739,369.0155
CL174,369.6326115
CL1740,189.1057143
CL1741,95.54089286
CL1742,335.4925751
CL1743,388.5910526
CL1744,373.557839
CL1745,213.9389933
CL1746,432.0149485
CL1747,238.6532353
CL1748,407.1884615
CL1749,308.0606061
CL175,312.268042
CL1750,90.12990826
CL1751,372.2843299
CL1752,376.6323853
CL1753,88.39094595
CL1754,320.8289286
CL1755,220.7525
CL1756,236.0725688
CL1757,110.6963393
CL1758,267.7877679
CL1759,185.1958871
CL176,210.5446875
CL1760,340.9235918
CL1761,411.5839496
CL1762,234.95
CL1763,87.24104972
CL1764,340.7124852
CL1765,175.0614773
CL1766,129.0047826
CL1767,235.0890833
CL1768,323.8010484
CL1769,127.6246809
CL177,351.3941026
CL1770,306.354142
CL1771,387.6888276
CL1772,343.6536434
CL1773,160.7173009
CL1774,372.3138117
CL1775,210.2975723
CL1776,200.86628
CL1777,398.5929032
CL1778,142.9303636
CL1779,276.6926141
CL178,130.9278838
CL1780,210.1662088
CL1781,101.5601587
CL1782,225.8320168
CL1783,343.0691266
CL1784,245.6102013
CL1785,402.6857674
CL1786,213.3729885
CL1787,358.0662577
CL1788,133.2674194
CL1789,464.2687097
CL179,464.3273913
CL1790,137.1714667
CL1791,343.5082979
CL1792,458.9367391
CL1793,186.026129
CL1794,304.9258547
CL1795,421.4485542
CL1796,367.6685616
CL1797,247.5701546
CL1798,327.569004
CL1799,255.3186667
CL180,186.6262727
CL1800,278.9648193
CL1801,305.9111163
CL1802,305.1133333
CL1803,263.5057895
CL1804,160.9346154
CL1805,142.9265672
CL1806,131.3510714
CL1807,214.6199451
CL1808,173.2769832
CL1809,238.38
CL181,446.4266489
CL1810,181.2851042
CL1811,483.7625
CL1812,400.9866372
CL1813,242.4879365
CL1814,217.2492411
CL1815,443.3575
CL1816,496.6310526
CL1817,443.9346897
CL1818,171.7372321
CL1819,381.5249091
CL182,279.6994142
CL1820,276.6478022
CL1821,235.9160294
CL1822,202.88875
CL1823,92.28959514
CL1824,383.2375862
CL1825,367.8713298
CL1826,179.4872667
CL1827,340.3010938
CL1828,163.5941204
CL1829,225.8200935
CL183,312.55152
CL1830,172.6132864
CL1831,210.2067742
CL1832,279.6036464
CL1833,373.2125439
CL1834,244.4305907
CL1835,242.248114
CL1836,83.19357143
CL1837,167.5095217
CL1838,189.3859402
CL1839,237.9298305
CL184,221.7788976
CL1840,504.5527473
CL1841,119.2780303
CL1842,391.7250877
CL1843,125.6294783
CL1844,93.74273885
CL1845,172.6598925
CL1846,192.9702128
CL1847,299.8585096
CL1848,350.1631148
CL1849,344.3244516
CL185,351.4540984
CL1850,215.066
CL1851,429.8820259
CL1852,161.124
CL1853,363.4139744
CL1854,472.9816568
CL1855,141.804183
CL1856,476.5074882
CL1857,177.3062692
CL1858,137.1509052
CL1859,217.2342478
CL186,355.5763448
CL1860,164.1505634
CL1861,509.5771889
CL1862,136.202069
CL1863,372.3122111
CL1864,135.2458696
CL1865,323.1496939
CL1866,365.5192188
CL1867,307.3639073
CL1868,212.9075806
CL1869,324.3608333
CL187,310.0179
CL1870,242.8127815
CL1871,139.7720172
CL1872,367.4581373
CL1873,283.459619
CL1874,283.5613208
CL1875,289.3647934
CL1876,398.556318
CL1877,101.5548438
CL1878,122.9438624
CL1879,523.905814
CL188,221.55312
CL1880,232.9264368
CL1881,381.4944279
CL1882,316.0832275
CL1883,206.4811066
CL1884,217.9188506
CL1885,257.3727811
CL1886,230.8464773
CL1887,254.8472059
CL1888,279.0542623
CL1889,326.0008081
CL189,188.2514667
CL1890,245.4613253
CL1891,99.62270833
CL1892,370.3322951
CL1893,244.8115556
CL1894,235.0609091
CL1895,360.3875781
CL1896,209.7371277
CL1897,266.1244828
CL1898,302.8801429
CL1899,245.4255505
CL190,337.2583051
CL1900,423.8891705
CL1901,458.8017021
CL1902,267.0483696
CL1903,105.6032075
CL1904,149.8724339
CL1905,127.6288148
CL1906,376.8112329
CL1907,194.8171784
CL1908,294.3197273
CL1909,317.3656164
CL191,278.6686709
CL1910,366.9171622
CL1911,192.1163636
CL1912,260.8242574
CL1913,376.7262176
CL1914,367.1918072
CL1915,282.6905702
CL1916,425.4248198
CL1917,473.0284483
CL1918,413.3620614
CL1919,233.0215789
CL192,274.357451
CL1920,356.320991
CL1921,168.7241579
CL1922,171.000251
CL1923,275.57328
CL1924,363.0048889
CL1925,230.2301149
CL1926,256.5096241
CL1927,329.3769787
CL1928,296.7322034
CL1929,521.2246
CL193,266.6917949
CL1930,369.5484722
CL1931,192.8076336
CL1932,555.1007143
CL1933,301.8275862
CL1934,93.99383721
CL1935,112.7699061
CL1936,241.6887293
CL1937,92.24606383
CL1938,294.0694872
CL1939,385.0549045
CL194,159.7013559
CL1940,502.0752586
CL1941,368.3491209
CL1942,276.2714063
CL1943,318.98175
CL1944,204.9682813
CL1945,118.2764179
CL1946,295.1072691
CL1947,316.2463372
CL1948,258.6821459
CL1949,216.0766094
CL195,147.3410811
CL1950,571.3155882
CL1951,161.3408333
CL1952,315.261791
CL1953,212.0970313
CL1954,117.0045963
CL1955,197.2
CL1956,194.0936816
CL1957,281.7912121
CL1958,124.2871895
CL1959,457.4686207
CL196,223.9373118
CL1960,94.19556962
CL1961,267.9135526
CL1962,251.0030864
CL1963,422.9836508
CL1964,293.0115714
CL1965,266.1833735
CL1966,90.13014706
CL1967,102.9511465
CL1968,251.0391379
CL1969,92.16323232
CL197,282.0734375
CL1970,241.2202778
CL1971,227.8270455
CL1972,269.2865128
CL1973,233.7089764
CL1974,335.4026027
CL1975,357.495
CL1976,509.4560274
CL1977,372.2278571
CL1978,145.7797309
CL1979,159.0396296
CL198,119.0044156
CL1980,357.8993642
CL1981,203.4103158
CL1982,84.91782051
CL1983,167.0442353
CL1984,246.5481034
CL1985,205.4856303
CL1986,383.9500469
CL1987,179.922069
CL1988,234.4971579
CL1989,350.9152679
CL199,277.1821579
CL1990,230.5156364
CL1991,389.0791282
CL1992,151.3473649
CL1993,455.288
CL1994,252.4138356
CL1995,343.7888525
CL1996,217.6187379
CL1997,182.1139604
CL1998,212.6058011
CL1999,324.25936
CL200,516.9786047
CL2000,189.9445578
CL2001,489.1478378
CL2002,253.655974
CL2003,512.0794904
CL2004,253.9053704
CL2005,393.9562646
CL2006,84.65619565
CL2007,442.4833766
CL2008,221.7446429
CL2009,233.0513836
CL201,284.3088128
CL2010,379.8466529
CL2011,139.5246154
CL2012,234.5871101
CL2013,215.9967606
CL2014,312.8382105
CL2015,235.1113793
CL2016,294.4951563
CL2017,153.9813376
CL2018,284.6024528
CL2019,221.14028
CL202,284.256413
CL2020,397.9358298
CL2021,249.3211628
CL2022,272.8738356
CL2023,248.3342079
CL2024,162.7433884
CL2025,214.4317722
CL2026,168.1103191
CL2027,317.0345238
CL2028,321.7899515
CL2029,236.8677576
CL203,401.2379762
CL2030,171.7963889
CL2031,369.4043515
CL2032,77.8637234
CL2033,459.9655294
CL2034,328.1421622
CL2035,456.2952326
CL2036,324.8055072
CL2037,212.7823118
CL2038,182.0545249
CL2039,172.7873846
CL204,279.0545
CL2040,143.0638849
CL2041,144.4063025
CL2042,107.4721277
CL2043,317.4475573
CL2044,425.0760606
CL2045,270.2230921
CL2046,253.3852318
CL2047,465.2927273
CL2048,206.5831214
CL2049,462.8379752
CL205,333.7133333
CL2050,339.5433898
CL2051,417.5718519
CL2052,310.3479245
CL2053,188.8176382
CL2054,350.2879688
CL2055,351.1368037
CL2056,458.6136747
CL2057,371.8457325
CL2058,251.4686364
CL2059,452.1957258
CL206,88.98428571
CL2060,96.43752688
CL2061,417.3394397
CL2062,263.6888272
CL2063,384.9418621
CL2064,214.6935294
CL2065,366.8275966
CL2066,239.5283246
CL2067,182.2162703
CL2068,522.1490659
CL2069,303.0031915
CL207,259.9738
CL2070,76.13309735
CL2071,400.4266176
CL2072,279.2292308
CL2073,438.5426214
CL2074,128.2878189
CL2075,318.7224138
CL2076,238.583871
CL2077,459.7575943
CL2078,178.9960938
CL2079,433.4622286
CL208,203.111016
CL2080,294.3160741
CL2081,146.4083529
CL2082,210.2347573
CL2083,85.80383648
CL2084,155.6549123
CL2085,269.9901235
CL2086,220.0685096
CL2087,160.6371951
CL2088,377.0584293
CL2089,243.6265079
CL209,208.8581818
CL2090,206.0047222
CL2091,326.8048227
CL2092,301.9087629
CL2093,137.5313115
CL2094,323.1088889
CL2095,89.3370354
CL2096,394.7400439
CL2097,308.460795
CL2098,326.6347273
CL2099,323.6114815
CL210,342.4077778
CL2100,361.8144898
CL2101,375.8771333
CL2102,75.07165919
CL2103,114.8969792
CL2104,231.5821739
CL2105,198.8673305
CL2106,271.0605769
CL2107,200.2896364
CL2108,211.0156875
CL2109,313.1785294
CL211,270.9683582
CL2110,151.1046602
CL2111,237.9886957
CL2112,174.7874843
CL2113,156.4977049
CL2114,231.5732759
CL2115,155.7106542
CL2116,303.0802
CL2117,150.3711983
CL2118,187.7409231
CL2119,498.5742
CL212,271.2427347
CL2120,360.1404545
CL2121,116.1471538
CL2122,310.6060643
CL2123,309.5775449
CL2124,301.1061364
CL2125,352.6707143
CL2126,346.8847748
CL2127,357.0845259
CL2128,177.2222667
CL2129,93.1275
CL213,164.7703093
CL2130,325.3357609
CL2131,362.118
CL2132,144.0291549
CL2133,310.8485593
CL2134,198.244
CL2135,199.6848322
CL2136,255.6045
CL2137,175.9848879
CL2138,222.4183871
CL2139,189.1558586
CL214,467.8742105
CL2140,333.9101478
CL2141,222.2343802
CL2142,176.344876
CL2143,338.6209396
CL2144,312.2649398
CL2145,259.4267857
CL2146,327.2573099
CL2147,392.5790338
CL2148,163.989181
CL2149,87.56188525
CL215,308.8005882
CL2150,158.0329091
CL2151,345.5344503
CL2152,362.2957407
CL2153,258.5286792
CL2154,323.5825131
CL2155,319.1319481
CL2156,107.2013846
CL2157,206.8598729
CL2158,295.1727711
CL2159,264.3338235
CL216,328.0799363
CL2160,355.9025243
CL2161,225.6066942
CL2162,262.2370769
CL2163,280.9747273
CL2164,289.5923786
CL2165,186.1133117
CL2166,195.2554237
CL2167,331.5386538
CL2168,457.0391716
CL2169,216.8988889
CL217,285.48572
CL2170,253.1312844
CL2171,176.5231429
CL2172,340.7752703
CL2173,159.856087
CL2174,171.3464865
CL2175,324.8043617
CL2176,378.2628302
CL2177,305.4187879
CL2178,436.7912162
CL2179,230.7972124
CL218,209.4702618
CL2180,352.881
CL2181,211.739071
CL2182,434.8714778
CL2183,75.65697872
CL2184,227.2876923
CL2185,159.5877037
CL2186,350.9588732
CL2187,408.8213369
CL2188,230.7527891
CL2189,199.2509677
CL219,198.5934066
CL2190,125.0221552
CL2191,280.5412245
CL2192,333.5837097
CL2193,367.2860294
CL2194,351.3272973
CL2195,142.1745395
CL2196,225.7984177
CL2197,510.6282759
CL2198,439.4857676
CL2199,316.0449286
CL220,266.3114706
CL2200,285.4946154
CL2201,114.3169106
CL2202,302.3726033
CL2203,89.17652542
CL2204,73.06123288
CL2205,214.8357269
CL2206,199.5637004
CL2207,379.7251923
CL2208,158.5984404
CL2209,366.985
CL221,106.5080583
CL2210,355.9281057
CL2211,302.7988889
CL2212,216.4055801
CL2213,407.6705405
CL2214,199.0011538
CL2215,427.4469182
CL2216,141.0613441
CL2217,126.5489189
CL2218,374.3852119
CL2219,201.6311278
CL222,241.6965278
CL2220,315.265
CL2221,97.41573913
CL2222,101.1098425
CL2223,135.2781193
CL2224,296.960625
CL2225,330.1735256
CL2226,180.5755429
CL2227,431.3557895
CL2228,394.5814394
CL2229,218.1677982
CL223,211.3070647
CL2230,206.5976389
CL2231,171.2662329
CL2232,201.2110577
CL2233,215.0701408
CL2234,152.3656842
CL2235,271.3044505
CL2236,88.64739535
CL2237,381.5179245
CL2238,228.4270588
CL2239,309.3523077
CL224,201.3806915
CL2240,248.6929851
CL2241,96.62362445
CL2242,254.3111176
CL2243,461.4
CL2244,349.277191
CL2245,171.9576978
CL2246,284.2725455
CL2247,316.9134483
CL2248,226.0868889
CL2249,366.938871
CL225,192.5963673
CL2250,258.3564596
CL2251,375.1289706
CL2252,425.6138947
CL2253,362.1654945
CL2254,182.871157
CL2255,562.8781183
CL2256,418.0760479
CL2257,108.591122
CL2258,466.6791538
CL2259,323.987177
CL226,152.7857055
CL2260,232.945283
CL2261,178.1325397
CL2262,201.2274747
CL2263,255.5420833
CL2264,233.7734956
CL2265,363.2403614
CL2266,244.3764596
CL2267,407.3370909
CL2268,296.6686387
CL2269,470.0136029
CL227,264.8883871
CL2270,337.8995495
CL2271,375.5047253
CL2272,205.7048889
CL2273,310.8473256
CL2274,302.1027778
CL2275,163.0578788
CL2276,562.0107317
CL2277,367.4138095
CL2278,160.7850209
CL2279,313.4983333
CL228,146.3761053
CL2280,492.5853982
CL2281,412.0024779
CL2282,143.2290071
CL2283,296.3532099
CL2284,297.6138235
CL2285,156.5436076
CL2286,308.5928916
CL2287,130.7560656
CL2288,167.1473444
CL2289,311.3220261
CL229,275.0057971
CL2290,174.5286275
CL2291,190.3800568
CL2292,504.2924545
CL2293,372.6206579
CL2294,488.5136905
CL2295,131.1767717
CL2296,240.802
CL2297,188.7478125
CL2298,374.1633884
CL2299,319.2060811
CL230,88.40328467
CL2300,85.2022093
CL2301,90.96454545
CL2302,426.9848187
CL2303,235.6844355
CL2304,199.801875
CL2305,315.7580952
CL2306,265.4894737
CL2307,127.2084916
CL2308,215.1329143
CL2309,223.53745
CL231,293.4242632
CL2310,214.5765842
CL2311,297.1591667
CL2312,394.6412838
CL2313,131.4938667
CL2314,342.8060656
CL2315,135.0276389
CL2316,404.9251337
CL2317,91.91518797
CL2318,285.7076364
CL2319,324.6450761
CL232,169.5213095
CL2320,251.39375
CL2321,231.0515217
CL2322,85.35060748
CL2323,393.3232086
CL2324,276.566875
CL2325,94.11606061
CL2326,380.3188306
CL2327,217.3286395
CL2328,361.795122
CL2329,88.41584795
CL233,222.4016854
CL2330,241.0630108
CL2331,272.8983065
CL2332,316.3145313
CL2333,354.0170968
CL2334,368.1531298
CL2335,497.9847718
CL2336,329.4681897
CL2337,323.2656287
CL2338,205.0067816
CL2339,244.3744398
CL234,135.6693868
CL2340,437.2689175
CL2341,186.7232867
CL2342,261.5533784
CL2343,313.0239881
CL2344,185.8205046
CL2345,276.8758209
CL2346,310.7416084
CL2347,191.59
CL2348,326.2854891
CL2349,370.6797802
CL235,139.6741633
CL2350,177.0388
CL2351,268.9819816
CL2352,137.4263454
CL2353,326.1174706
CL2354,161.9269697
CL2355,329.3171852
CL2356,303.5797436
CL2357,232.6064912
CL2358,345.7690741
CL2359,344.8494479
CL236,220.7327439
CL2360,304.7090604
CL2361,381.8889916
CL2362,89.12788288
CL2363,244.2226882
CL2364,259.215
CL2365,280.8051163
CL2366,196.1889179
CL2367,94.16569565
CL2368,183.8459763
CL2369,123.84
CL237,255.8290265
CL2370,226.5636842
CL2371,227.1022321
CL2372,286.730303
CL2373,167.2970787
CL2374,97.39516854
CL2375,412.9375349
CL2376,280.4629384
CL2377,121.4818182
CL2378,270.715443
CL2379,228.8768657
CL238,305.7245614
CL2380,461.8675269
CL2381,235.2947964
CL2382,223.1700498
CL2383,174.7674576
CL2384,650.3928736
CL2385,72.60791837
CL2386,200.9784848
CL2387,396.8532683
CL2388,159.4565497
CL2389,344.0051376
CL239,148.63
CL2390,204.0435821
CL2391,332.1494444
CL2392,312.8245614
CL2393,362.0428829
CL2394,335.2892941
CL2395,128.6829825
CL2396,205.0369697
CL2397,299.9825828
CL2398,315.5785281
CL2399,227.1797895
CL240,358.482
CL2400,395.7818129
CL2401,355.8541026
CL2402,219.9414706
CL2403,171.7925
CL2404,219.815119
CL2405,283.8527128
CL2406,352.3102449
CL2407,107.6578431
CL2408,352.2507173
CL2409,140.2783761
CL241,462.9222927
CL2410,152.1684314
CL2411,257.0959459
CL2412,547.5975229
CL2413,350.0944595
CL2414,324.6613816
CL2415,320.8252903
CL2416,420.25695
CL2417,373.1915984
CL2418,272.6734328
CL2419,279.7904878
CL242,199.9081646
CL2420,350.8657391
CL2421,198.7841935
CL2422,271.3972294
CL2423,181.3394444
CL2424,164.1828025
CL2425,258.1703125
CL2426,550.5815758
CL2427,222.9692857
CL2428,100.0784962
CL2429,252.498
CL243,88.09434783
CL2430,223.2793506
CL2431,93.20963636
CL2432,165.08867
CL2433,112.7588679
CL2434,588.4696818
CL2435,331.9264103
CL2436,335.4837226
CL2437,195.0736842
CL2438,279.1294737
CL2439,121.5397573
CL244,390.0407059
CL2440,306.6147312
CL2441,265.1756818
CL2442,310.297868
CL2443,286.3901099
CL2444,119.6453333
CL2445,204.5007051
CL2446,271.9625641
CL2447,243.4105102
CL2448,399.8850495
CL2449,225.1227717
CL245,296.1663182
CL2450,338.1124444
CL2451,309.4354386
CL2452,243.9333125
CL2453,349.6534272
CL2454,333.549
CL2455,280.7072222
CL2456,308.9678571
CL2457,342.8992386
CL2458,102.5489286
CL2459,232.9818797
CL246,301.5217219
CL2460,101.3677512
CL2461,496.6519091
CL2462,215.3001778
CL2463,127.4912563
CL2464,296.0823611
CL2465,323.3755612
CL2466,133.6462393
CL2467,417.0638462
CL2468,355.2177027
CL2469,408.5005714
CL247,207.6793137
CL2470,347.9647087
CL2471,324.3653571
CL2472,438.2606009
CL2473,368.3047134
CL2474,330.9955172
CL2475,122.3009091
CL2476,293.7015
CL2477,285.5542754
CL2478,325.8218519
CL2479,149.0714754
CL248,112.1385294
CL2480,282.2484
CL2481,152.7484
CL2482,325.8955665
CL2483,221.5696903
CL2484,252.1750877
CL2485,208.6847619
CL2486,164.0981152
CL2487,148.4490076
CL2488,98.94783439
CL2489,234.4992017
CL249,446.3865806
CL2490,391.5879221
CL2491,156.9562832
CL2492,251.1484906
CL2493,203.9177778
CL2494,187.4718243
CL2495,174.6008
CL2496,186.3002823
CL2497,348.9377366
CL2498,325.2677876
CL2499,229.2405102
CL250,315.7808148
CL2500,287.5824359
CL2501,169.5747917
CL2502,430.3138326
CL2503,86.48004115
CL2504,228.7372222
CL2505,175.6569355
CL2506,336.2681301
CL2507,479.3596447
CL2508,310.67975
CL2509,250.4748663
CL251,92.47938017
CL2510,302.1713942
CL2511,212.1024481
CL2512,447.3582677
CL2513,183.37875
CL2514,155.5920442
CL2515,277.7174648
CL2516,95.10356164
CL2517,280.4268636
CL2518,391.9652727
CL2519,166.1500862
CL252,481.0966667
CL2520,324.9226316
CL2521,291.6310078
CL2522,305.2390588
CL2523,423.9557895
CL2524,231.6985859
CL2525,137.5072308
CL2526,462.1186
CL2527,327.6006977
CL2528,156.6353247
CL2529,93.75569231
CL253,128.997619
CL2530,312.2687387
CL2531,148.5310638
CL2532,151.1385
CL2533,315.3405512
CL2534,290.6098058
CL2535,197.3656989
CL2536,451.1592437
CL2537,227.7133333
CL2538,205.410791
CL2539,191.443252
CL254,335.395561
CL2540,192.1465432
CL2541,364.2712805
CL2542,322.4188688
CL2543,210.9735838
CL2544,232.6648936
CL2545,383.6310185
CL2546,216.0573832
CL2547,353.3768
CL2548,365.693399
CL2549,161.7515888
CL255,277.7535909
CL2550,224.5234328
CL2551,294.4570149
CL2552,210.4503922
CL2553,205.3512162
CL2554,125.3805116
CL2555,432.3758537
CL2556,460.1865693
CL2557,312.145
CL2558,158.0486517
CL2559,296.9158042
CL256,104.1352756
CL2560,297.1031579
CL2561,319.744186
CL2562,370.5407602
CL2563,338.2026222
CL2564,299.5591584
CL2565,196.3516304
CL2566,77.85013158
CL2567,214.8615676
CL2568,296.7389167
CL2569,183.7057216
CL257,408.7091489
CL2570,261.8610286
CL2571,328.41751
CL2572,245.5718376
CL2573,284.2882857
CL2574,264.6378947
CL2575,275.6785965
CL2576,362.3563025
CL2577,278.7351613
CL2578,283.1520851
CL2579,341.4692935
CL258,155.7115897
CL2580,315.5290306
CL2581,84.52291045
CL2582,343.511018
CL2583,249.9259091
CL2584,336.9276692
CL2585,264.0964789
CL2586,167.8689954
CL2587,313.6061589
CL2588,447.2315894
CL2589,380.2418182
CL259,517.6721875
CL2590,152.2825735
CL2591,249.6155975
CL2592,329.6401587
CL2593,321.071988
CL2594,564.3577778
CL2595,313.8088785
CL2596,295.4140969
CL2597,418.0741393
CL2598,400.5991791
CL2599,181.8818137
CL260,95.69084034
CL2600,189.2756637
CL2601,259.8319318
CL2602,223.6715385
CL2603,309.2891327
CL2604,248.313379
CL2605,223.7353216
CL2606,135.5603125
CL2607,564.2183957
CL2608,160.8592994
CL2609,307.7737788
CL261,422.8830263
CL2610,231.1275
CL2611,401.8578846
CL2612,94.74979167
CL2613,132.2360784
CL2614,395.8840217
CL2615,174.2906757
CL2616,532.311746
CL2617,297.8957143
CL2618,196.223
CL2619,246.0491803
CL262,171.7363819
CL2620,89.13402878
CL2621,401.8895067
CL2622,339.8649254
CL2623,187.7655274
CL2624,211.4735821
CL2625,470.2475532
CL2626,215.3824034
CL2627,94.68466667
CL2628,200.6679012
CL2629,367.5356805
CL263,331.4162762
CL2630,321.8698718
CL2631,173.4612791
CL2632,204.5356995
CL2633,417.116129
CL2634,285.516455
CL2635,157.1619527
CL2636,258.9330769
CL2637,215.058913
CL2638,358.5621912
CL2639,396.3491753
CL264,236.5468613
CL2640,160.1283784
CL2641,72.81140625
CL2642,108.9160914
CL2643,204.6826277
CL2644,493.3603889
CL2645,229.4029688
CL2646,250.6121118
CL2647,97.7426
CL2648,130.6636264
CL2649,337.6023404
CL265,294.5201304
CL2650,107.6429762
CL2651,263.6351142
CL2652,231.8425
CL2653,181.1896581
CL2654,420.2109375
CL2655,148.3454502
CL2656,69.07031008
CL2657,387.0560577
CL2658,88.12124481
CL2659,421.3370244
CL266,158.5751293
CL2660,291.350875
CL2661,299.0776444
CL2662,229.1425652
CL2663,390.5850226
CL2664,222.4575417
CL2665,359.3993976
CL2666,143.370535
CL2667,141.4190741
CL2668,278.5922556
CL2669,285.3692308
CL267,466.9437885
CL2670,250.4302143
CL2671,352.7993407
CL2672,127.4836036
CL2673,81.79738462
CL2674,413.1655172
CL2675,309.575
CL2676,585.7385437
CL2677,85.36092308
CL2678,235.1649468
CL2679,124.2576293
CL268,215.9250417
CL2680,174.1380275
CL2681,161.4826446
CL2682,275.7199554
CL2683,99.57444444
CL2684,257.7603623
CL2685,351.1545098
CL2686,303.9143382
CL2687,98.23961832
CL2688,124.5864186
CL2689,175.2876271
CL269,417.403
CL2690,397.9481633
CL2691,395.7717647
CL2692,198.3219286
CL2693,226.9472619
CL2694,354.7546602
CL2695,227.4813793
CL2696,164.5002703
CL2697,318.024918
CL2698,313.1816055
CL2699,101.3772115
CL270,254.1965035
CL2700,176.1406716
CL2701,184.4657798
CL2702,251.7371717
CL2703,215.4194949
CL2704,229.654823
CL2705,270.2459341
CL2706,282.7013415
CL2707,178.0598585
CL2708,234.4962581
CL2709,204.3785088
CL271,263.7635526
CL2710,260.7249107
CL2711,309.701551
CL2712,563.9773577
CL2713,467.0134109
CL2714,425.842907
CL2715,335.02
CL2716,310.5041961
CL2717,372.8198122
CL2718,294.5487069
CL2719,211.0935556
CL272,96.66716981
CL2720,256.1272581
CL2721,401.0371186
CL2722,180.6238095
CL2723,380.9613793
CL2724,386.1924103
CL2725,354.8960714
CL2726,261.0957718
CL2727,308.0287166
CL2728,178.4656972
CL2729,338.6391111
CL273,288.2866667
CL2730,189.0051765
CL2731,350.016555
CL2732,157.5375
CL2733,239.3017536
CL2734,198.6920313
CL2735,142.1777419
CL2736,137.7887421
CL2737,311.1873399
CL2738,265.8413187
CL2739,332.7352232
CL274,270.5642291
CL2740,118.0721311
CL2741,180.9944944
CL2742,338.1517757
CL2743,418.5192593
CL2744,174.317037
CL2745,197.8373585
CL2746,407.9302994
CL2747,216.1676582
CL2748,268.8754762
CL2749,168.6901042
CL275,483.2674
CL2750,197.1117647
CL2751,148.0961026
CL2752,142.6757333
CL2753,405.9164557
CL2754,272.9933471
CL2755,177.5202732
CL2756,130.9454839
CL2757,443.5666667
CL2758,536.9177246
CL2759,274.7834579
CL276,170.3991429
CL2760,374.1197059
CL2761,197.7718667
CL2762,210.1746012
CL2763,114.7889091
CL2764,134.018022
CL2765,395.9047934
CL2766,599.8814085
CL2767,128.5075758
CL2768,267.8550962
CL2769,381.384433
CL277,166.9322026
CL2770,333.0976271
CL2771,145.6663736
CL2772,238.4674834
CL2773,117.4586667
CL2774,132.5517054
CL2775,97.24313131
CL2776,218.0873214
CL2777,327.1163713
CL2778,213.0011696
CL2779,342.0347287
CL278,255.4517391
CL2780,192.3604525
CL2781,410.309021
CL2782,228.2767081
CL2783,471.4143498
CL2784,288.4692754
CL2785,170.5372848
CL2786,244.0982627
CL2787,354.0206618
CL2788,316.5537705
CL2789,225.5065347
CL279,185.2033708
CL2790,238.6306987
CL2791,348.5669
CL2792,153.0742708
CL2793,362.0981111
CL2794,431.492518
CL2795,234.3579167
CL2796,93.50938272
CL2797,436.8804787
CL2798,232.5166531
CL2799,99.7044586
CL280,294.6322535
CL2800,278.0585455
CL2801,387.7912626
CL2802,390.9068613
CL2803,237.0786301
CL2804,121.116875
CL2805,199.7967059
CL2806,375.073587
CL2807,345.067193
CL2808,83.6172043
CL2809,311.8440698
CL281,416.9055072
CL2810,195.109881
CL2811,241.838773
CL2812,415.176036
CL2813,158.8373188
CL2814,251.0151948
CL2815,208.2894492
CL2816,193.8556667
CL2817,303.4751351
CL2818,312.0922917
CL2819,188.9164762
CL282,301.085528
CL2820,176.3334043
CL2821,161.4833333
CL2822,234.9683197
CL2823,462.1640741
CL2824,203.1565263
CL2825,386.5613191
CL2826,290.5521277
CL2827,378.7635468
CL2828,376.9592982
CL2829,362.65075
CL283,380.5106838
CL2830,371.0927488
CL2831,324.4992949
CL2832,160.7547525
CL2833,132.3077536
CL2834,354.7143038
CL2835,347.0292593
CL2836,291.5696522
CL2837,251.3584848
CL2838,330.1939367
CL2839,487.3177828
CL284,358.2145614
CL2840,402.2822043
CL2841,97.82851852
CL2842,254.3377922
CL2843,324.3928571
CL2844,319.3348469
CL2845,225.0229167
CL2846,148.2719231
CL2847,318.1501695
CL2848,206.4605263
CL2849,320.1411494
CL285,322.1747059
CL2850,310.1416149
CL2851,229.8895798
CL2852,207.5486
CL2853,445.4219298
CL2854,507.9307143
CL2855,273.0450246
CL2856,241.7797468
CL2857,339.3410959
CL2858,164.0088889
CL2859,176.1020879
CL286,273.5049791
CL2860,305.9569286
CL2861,310.9410909
CL2862,167.6725592
CL2863,322.0001031
CL2864,176.5866667
CL2865,307.5437705
CL2866,176.1030612
CL2867,374.2123288
CL2868,149.0352869
CL2869,109.0821986
CL287,292.6574545
CL2870,106.7721698
CL2871,424.6142754
CL2872,366.425907
CL2873,217.1417877
CL2874,260.483254
CL2875,605.9050769
CL2876,160.1152245
CL2877,307.1370833
CL2878,225.9125362
CL2879,345.2418462
CL288,244.7145355
CL2880,225.9609868
CL2881,449.6184211
CL2882,133.0061181
CL2883,87.43417722
CL2884,303.2406915
CL2885,191.6682648
CL2886,180.7933962
CL2887,82.44277228
CL2888,400.734697
CL2889,556.75
CL289,309.2003478
CL2890,242.8436719
CL2891,139.5114773
CL2892,363.300566
CL2893,370.751677
CL2894,201.2707813
CL2895,596.3686179
CL2896,291.3598374
CL2897,508.7296413
CL2898,94.65219178
CL2899,195.7779141
CL290,94.00423077
CL2900,295.9551887
CL2901,285.8076136
CL2902,171.3619101
CL2903,262.3775
CL2904,126.6789119
CL2905,93.16414634
CL2906,284.2993985
CL2907,383.4251754
CL2908,92.97856522
CL2909,449.2132275
CL291,91.1879096
CL2910,151.6447771
CL2911,248.8934
CL2912,104.1051542
CL2913,434.4990722
CL2914,416.8649438
CL2915,349.5187135
CL2916,365.0404587
CL2917,288.9226108
CL2918,165.3013684
CL2919,174.4932727
CL292,353.9310569
CL2920,93.65121951
CL2921,82.49692308
CL2922,99.61232143
CL2923,403.4333562
CL2924,566.4011852
CL2925,501.8086517
CL2926,188.9451563
CL2927,192.9676639
CL2928,437.0772811
CL2929,443.2710092
CL293,210.7341364
CL2930,200.1767227
CL2931,118.8568333
CL2932,268.3921168
CL2933,270.4605
CL2934,324.4424691
CL2935,203.0219718
CL2936,404.142807
CL2937,190.9696
CL2938,224.0218681
CL2939,316.7807658
CL294,100.5157463
CL2940,162.6526957
CL2941,245.2771304
CL2942,245.5047131
CL2943,234.1427273
CL2944,130.1804861
CL2945,222.2922727
CL2946,272.2725333
CL2947,208.3900971
CL2948,176.4608537
CL2949,367.5430612
CL295,261.6663077
CL2950,297.01163
CL2951,93.77330709
CL2952,275.3667033
CL2953,352.7770803
CL2954,352.8900662
CL2955,214.886963
CL2956,158.7810256
CL2957,146.9649302
CL2958,468.2957692
CL2959,90.19194444
CL296,264.6011111
CL2960,182.2798438
CL2961,344.7052761
CL2962,262.0997872
CL2963,273.8176316
CL2964,326.5015827
CL2965,232.2265106
CL2966,261.44125
CL2967,591.1787029
CL2968,303.6717352
CL2969,323.9209852
CL297,392.2101587
CL2970,524.6988
CL2971,366.2933725
CL2972,324.4422222
CL2973,444.1573438
CL2974,187.3066667
CL2975,394.8397638
CL2976,238.7546721
CL2977,249.1146377
CL2978,407.1578279
CL2979,139.0661074
CL298,235.9609845
CL2980,255.288191
CL2981,171.3766038
CL2982,247.1522917
CL2983,91.06772152
CL2984,375.0190217
CL2985,130.087438
CL2986,295.9087654
CL2987,135.5489933
CL2988,326.3619643
CL2989,466.5845641
CL299,429.1292086
CL2990,282.3577368
CL2991,193.0670455
CL2992,368.1829193
CL2993,163.4131959
CL2994,238.3745685
CL2995,98.34716418
CL2996,251.1352991
CL2997,323.3840972
CL2998,194.9145098
CL2999,161.7642135
CL300,120.5474107
CL301,206.7327928
CL302,295.5572388
CL303,555.2052577
CL304,348.6841975
CL305,238.1204895
CL306,227.1371698
CL307,268.0715459
CL308,203.1491935
CL309,247.7486806
CL310,175.5604803
CL311,184.1311024
CL312,190.4136628
CL313,346.0567568
CL314,239.3990551
CL315,235.5607258
CL316,355.23832
CL317,366.6169907
CL318,196.3312081
CL319,187.1634826
CL320,328.2934109
CL321,140.1814912
CL322,286.0428302
CL323,282.5562651
CL324,416.1876371
CL325,425.6794907
CL326,180.418617
CL327,343.4782927
CL328,234.6002381
CL329,206.0706612
CL330,239.8129825
CL331,107.6525714
CL332,166.3628571
CL333,460.5802715
CL334,201.3684507
CL335,202.5978
CL336,416.5714
CL337,255.3992473
CL338,195.0751515
CL339,219.61088
CL340,226.0002721
CL341,99.51555102
CL342,328.8494093
CL343,126.7376818
CL344,421.223432
CL345,304.4952601
CL346,121.9602151
CL347,109.4103371
CL348,184.48052
CL349,333.6977692
CL350,268.4146053
CL351,150.297541
CL352,328.3962745
CL353,459.8535319
CL354,334.4369291
CL355,362.7705882
CL356,173.0094783
CL357,192.270679
CL358,265.6491346
CL359,324.7130622
CL360,313.3865041
CL361,398.4769636
CL362,234.645625
CL363,88.09243902
CL364,327.0366939
CL365,81.58602564
CL366,111.5848039
CL367,91.57991379
CL368,161.7486842
CL369,259.9354651
CL370,408.4586184
CL371,121.1277833
CL372,468.7954286
CL373,250.8383099
CL374,288.1488202
CL375,345.4777444
CL376,281.5030734
CL377,397.8920755
CL378,325.5227179
CL379,238.1904331
CL380,109.1974157
CL381,316.1236559
CL382,353.5189268
CL383,223.0507692
CL384,483.3866942
CL385,89.17357143
CL386,311.6961212
CL387,417.5788966
CL388,89.00543478
CL389,183.2873596
CL390,223.7410191
CL391,344.7154867
CL392,278.4572381
CL393,297.9148252
CL394,172.3785859
CL395,272.2193038
CL396,364.6508372
CL397,232.2789671
CL398,216.0742529
CL399,367.1466667
CL400,250.051227
CL401,126.1906107
CL402,347.5158416
CL403,454.1495455
CL404,105.350274
CL405,300.4768212
CL406,315.0013174
CL407,151.1856863
CL408,145.902907
CL409,251.0187143
CL410,90.91746835
CL411,255.5696154
CL412,136.1691701
CL413,295.2303419
CL414,238.3964539
CL415,203.7858586
CL416,100.3801293
CL417,353.9542029
CL418,243.2710843
CL419,307.5471724
CL420,407.0215385
CL421,264.353875
CL422,383.7889041
CL423,452.3319907
CL424,162.5347518
CL425,177.993986
CL426,231.8304396
CL427,142.5624138
CL428,356.6156923
CL429,226.4764623
CL430,337.5933333
CL431,635.3036842
CL432,356.04576
CL433,83.26191781
CL434,160.0874324
CL435,260.7949315
CL436,300.27692
CL437,235.2932075
CL438,278.5521875
CL439,393.5171759
CL440,480.512069
CL441,281.7739749
CL442,399.9640404
CL443,220.7916754
CL444,188.4403846
CL445,480.2778205
CL446,280.7802685
CL447,285.44
CL448,158.7723529
CL449,144.2061842
CL450,140.7635052
CL451,395.381399
CL452,305.2791667
CL453,310.4546667
CL454,265.2449206
CL455,145.5142308
CL456,260.9599569
CL457,373.8735714
CL458,233.4302846
CL459,86.76948718
CL460,209.7897487
CL461,237.4092473
CL462,185.2836111
CL463,296.7201754
CL464,563.08375
CL465,512.0004615
CL466,297.7748295
CL467,297.953038
CL468,156.7055682
CL469,314.3938017
CL470,340.1808475
CL471,154.6375168
CL472,304.655907
CL473,310.2171292
CL474,540.189661
CL475,354.9091667
CL476,282.98
CL477,300.0481579
CL478,180.0426282
CL479,146.0966038
CL480,382.4194253
CL481,249.0727778
CL482,95.33282609
CL483,333.5783951
CL484,210.495368
CL485,157.0355024
CL486,418.0651691
CL487,210.4653179
CL488,383.8709545
CL489,195.6706944
CL490,554.6589888
CL491,292.810241
CL492,250.5999441
CL493,345.9990217
CL494,284.6260976
CL495,144.5430645
CL496,338.1356667
CL497,242.5146948
CL498,323.7876423
CL499,280.8671311
CL500,581.5306897
CL501,174.2109467
CL502,230.8547541
CL503,155.1035294
CL504,370.6852727
CL505,92.79829268
CL506,78.72761905
CL507,268.8846154
CL508,380.1019355
CL509,235.9074497
CL510,233.3377778
CL511,506.7826563
CL512,176.2947727
CL513,351.8846269
CL514,348.424798
CL515,220.8044737
CL516,382.8936287
CL517,82.93019868
CL518,262.2370225
CL519,123.3427273
CL520,383.8757831
CL521,99.72504425
CL522,319.459205
CL523,460.4482524
CL524,380.6235616
CL525,248.8516364
CL526,194.3810989
CL527,385.7133929
CL528,210.4225455
CL529,221.1677826
CL530,203.5120354
CL531,220.8578571
CL532,250.1343103
CL533,397.7910169
CL534,247.4892529
CL535,208.8760417
CL536,196.1328846
CL537,546.1923932
CL538,203.6121687
CL539,150.9207292
CL540,413.7491912
CL541,171.5953879
CL542,330.4459091
CL543,167.73925
CL544,194.7083978
CL545,421.3322581
CL546,194.2856923
CL547,170.4574803
CL548,203.3582128
CL549,174.3691935
CL550,92.26012821
CL551,556.4509278
CL552,267.5382775
CL553,396.0513924
CL554,245.1445726
CL555,245.5467222
CL556,421.7123478
CL557,136.2828972
CL558,232.4606693
CL559,342.273786
CL560,393.7626316
CL561,128.4001429
CL562,244.6069178
CL563,208.3717925
CL564,402.6618182
CL565,126.0021384
CL566,135.3585083
CL567,143.5321
CL568,349.7930357
CL569,125.2911111
CL570,117.7194355
CL571,334.5926144
CL572,351.8600752
CL573,335.8642798
CL574,73.34646341
CL575,315.9849677
CL576,155.576
CL577,193.0404192
CL578,432.0589205
CL579,279.6001047
CL580,237.9568161
CL581,292.3456481
CL582,477.8036842
CL583,307.7141071
CL584,590.0011667
CL585,213.2505607
CL586,193.0043038
CL587,303.1990865
CL588,195.7355072
CL589,78.85871287
CL590,180.8064
CL591,437.2305556
CL592,258.043527
CL593,122.9020238
CL594,132.3914706
CL595,223.42812
CL596,246.9993939
CL597,87.33050725
CL598,300.0558788
CL599,133.4756494
CL600,356.8864815
CL601,339.1418557
CL602,330.147037
CL603,164.2373134
CL604,337.9974775
CL605,521.3632895
CL606,193.7409302
CL607,299.903254
CL608,336.2561376
CL609,88.99012821
CL610,237.9260227
CL611,343.3354
CL612,117.0871728
CL613,256.4691748
CL614,404.0761404
CL615,358.0247826
CL616,292.8799454
CL617,116.4211644
CL618,82.61773869
CL619,336.6473832
CL620,348.9778802
CL621,341.545
CL622,224.4834328
CL623,160.7615758
CL624,215.5268354
CL625,281.7798507
CL626,444.4223789
CL627,191.1804839
CL628,91.868
CL629,283.1994262
CL630,441.5367686
CL631,191.5191266
CL632,92.44707965
CL633,347.5247059
CL634,324.462043
CL635,95.27925926
CL636,205.0695122
CL637,670.5747826
CL638,324.1735385
CL639,154.5233333
CL640,291.3392424
CL641,244.4540187
CL642,202.7950746
CL643,262.9761677
CL644,209.9997024
CL645,400.9754545
CL646,201.0404762
CL647,120.7035294
CL648,298.26925
CL649,276.7653103
CL650,264.0250971
CL651,94.21229412
CL652,181.1256284
CL653,90.05242647
CL654,278.1620721
CL655,218.4239271
CL656,89.34560345
CL657,102.6250505
CL658,333.2593534
CL659,316.8968229
CL660,307.1632051
CL661,236.7785311
CL662,201.4404918
CL663,213.9156061
CL664,277.1782353
CL665,182.2454359
CL666,409.5250282
CL667,290.7173077
CL668,281.9164671
CL669,440.4087037
CL670,202.0060377
CL671,279.2266298
CL672,383.9299057
CL673,430.1304831
CL674,279.4535385
CL675,338.8680682
CL676,536.6373043
CL677,361.8039267
CL678,349.1781034
CL679,211.342
CL680,148.5480383
CL681,271.97
CL682,250.317381
CL683,114.6444444
CL684,247.6189474
CL685,117.5725439
CL686,375.23892
CL687,258.3082917
CL688,421.7179621
CL689,468.1621053
CL690,288.1362346
CL691,378.167764
CL692,181.330404
CL693,169.0970352
CL694,258.3431132
CL695,518.8125301
CL696,281.8609816
CL697,298.0972993
CL698,285.2904032
CL699,435.7369828
CL700,193.8381532
CL701,197.7086275
CL702,239.7181557
CL703,291.65
CL704,461.7753271
CL705,207.7566379
CL706,313.7501724
CL707,292.3037634
CL708,354.9721154
CL709,287.6065812
CL710,288.6586719
CL711,213.0186813
CL712,440.9674815
CL713,95.77913043
CL714,240.4024161
CL715,181.9825275
CL716,345.4809787
CL717,408.6290385
CL718,275.2414493
CL719,300.8056667
CL720,110.4825146
CL721,157.5753684
CL722,215.2434615
CL723,302.735
CL724,172.2134109
CL725,342.7761728
CL726,227.2905
CL727,95.57818182
CL728,223.6254455
CL729,557.1733195
CL730,241.8643182
CL731,214.1861146
CL732,281.0186765
CL733,297.2664
CL734,87.22481013
CL735,163.4515584
CL736,213.4251678
CL737,217.7982692
CL738,482.916087
CL739,259.8674286
CL740,253.9894737
CL741,296.9147802
CL742,513.1740426
CL743,152.2890909
CL744,281.0542308
CL745,489.8554202
CL746,360.4459286
CL747,228.126
CL748,127.5898413
CL749,269.029901
CL750,279.8617695
CL751,160.2324
CL752,253.4294203
CL753,257.2429808
CL754,323.5585185
CL755,197.4385167
CL756,524.6286486
CL757,245.934876
CL758,285.7734574
CL759,176.9354237
CL760,237.4244907
CL761,365.2975214
CL762,269.6313389
CL763,207.1064679
CL764,242.2675439
CL765,145.4753571
CL766,349.9339881
CL767,181.2621127
CL768,418.156555
CL769,154.45
CL770,251.9118367
CL771,578.1343564
CL772,147.6395745
CL773,166.3241317
CL774,304.5743275
CL775,146.5802198
CL776,313.6806757
CL777,164.8053846
CL778,302.3810309
CL779,332.8186449
CL780,274.1786076
CL781,359.0936464
CL782,246.5736054
CL783,320.4830263
CL784,164.5420588
CL785,445.32
CL786,274.9009434
CL787,134.1349793
CL788,478.4357727
CL789,341.8032283
CL790,143.8419838
CL791,267.6727219
CL792,89.35210843
CL793,415.4105063
CL794,261.3682143
CL795,244.0087719
CL796,420.2569286
CL797,100.8880982
CL798,383.5516854
CL799,123.1096279
CL800,365.4926638
CL801,163.9727907
CL802,126.9014961
CL803,497.057641
CL804,88.96128342
CL805,141.1514388
CL806,271.5686408
CL807,292.0396018
CL808,399.8064151
CL809,292.3351261
CL810,188.2819712
CL811,211.77784
CL812,292.2276374
CL813,259.5931132
CL814,365.2590141
CL815,301.5928926
CL816,153.3503546
CL817,196.8534921
CL818,87.91711765
CL819,296.9220253
CL820,365.0476596
CL821,309.245679
CL822,449.8059843
CL823,190.0816578
CL824,404.7872289
CL825,225.4818079
CL826,308.2337333
CL827,159.089422
CL828,311.6021839
CL829,273.0231905
CL830,293.227734
CL831,307.3826829
CL832,308.9954118
CL833,295.7521801
CL834,150.1190196
CL835,196.362479
CL836,118.9308738
CL837,325.9640523
CL838,353.4224161
CL839,143.0764865
CL840,309.679061
CL841,386.8855446
CL842,144.7220625
CL843,231.34305
CL844,130.2128108
CL845,415.4608607
CL846,98.78458333
CL847,291.8839326
CL848,325.7193548
CL849,98.4172549
CL850,256.110359
CL851,283.3527419
CL852,306.252619
CL853,130.6479221
CL854,370.4472917
CL855,374.7617241
CL856,318.9634286
CL857,93.63131148
CL858,263.8033155
CL859,162.5617197
CL860,261.4105612
CL861,334.9131915
CL862,78.66080882
CL863,209.3297315
CL864,99.76027778
CL865,363.0683429
CL866,256.4842657
CL867,326.1388832
CL868,205.6930088
CL869,129.7949123
CL870,328.6311765
CL871,363.6821429
CL872,171.4315882
CL873,129.4404762
CL874,414.6922785
CL875,380.5752941
CL876,256.5496923
CL877,321.7222013
CL878,185.1405952
CL879,204.7260185
CL880,212.3332353
CL881,350.7093182
CL882,401.6148837
CL883,283.966338
CL884,262.3102811
CL885,526.0447368
CL886,222.4465432
CL887,477.0372581
CL888,288.3681675
CL889,135.6432627
CL890,388.85975
CL891,322.2067532
CL892,530.15875
CL893,291.719726
CL894,240.994
CL895,222.9209615
CL896,274.1402609
CL897,363.3038596
CL898,222.1191949
CL899,247.3713913
CL900,276.5247778
CL901,399.9206061
CL902,402.7067785
CL903,375.625641
CL904,231.743
CL905,89.54628931
CL906,155.9361066
CL907,394.8503965
CL908,277.8021577
CL909,94.48027933
CL910,259.1837037
CL911,358.9815584
CL912,387.278
CL913,295.7862121
CL914,98.28657143
CL915,457.9944872
CL916,231.4251295
CL917,496.904939
CL918,540.1560169
CL919,144.2536957
CL920,359.6772059
CL921,646.5917708
CL922,145.8295
CL923,120.6385816
CL924,341.7181416
CL925,288.5292667
CL926,287.2141026
CL927,336.6520225
CL928,88.54083799
CL929,362.9321711
CL930,415.2635443
CL931,294.5065972
CL932,158.2614189
CL933,134.0444898
CL934,218.6558929
CL935,241.3271963
CL936,294.7895853
CL937,123.6978146
CL938,306.3551942
CL939,521.6323684
CL940,282.9331915
CL941,399.539011
CL942,481.7411034
CL943,197.6063483
CL944,254.0551531
CL945,84.51877419
CL946,219.2072432
CL947,88.93460094
CL948,474.1240278
CL949,236.611791
CL950,399.8227807
CL951,324.2588889
CL952,138.7792208
CL953,219.3514674
CL954,194.1664977
CL955,238.9259722
CL956,85.85871795
CL957,349.962439
CL958,157.9789231
CL959,323.1157143
CL960,363.2024219
CL961,154.3745455
CL962,93.16367925
CL963,403.0169784
CL964,361.4326957
CL965,489.3104828
CL966,455.9025767
CL967,241.4047531
CL968,149.2756957
CL969,300.8806818
CL970,147.254127
CL971,281.2853793
CL972,227.4971429
CL973,164.8142424
CL974,247.0401042
CL975,269.0232773
CL976,314.9071875
CL977,471.764537
CL978,183.8174528
CL979,502.4490291
CL980,118.9292818
CL981,133.7075269
CL982,428.0785
CL983,234.2368182
CL984,305.030362
CL985,206.17841
CL986,267.5529082
CL987,350.4830769
CL988,348.2610145
CL989,328.9335714
CL990,209.4775207
CL991,235.7548148
CL992,160.5819333
CL993,302.4611644
CL994,195.675
CL995,205.0297727
CL996,181.9964189
CL997,427.0063077
CL998,313.0133793
CL999,396.6284158